<?xml version="1.0"?>
<employeeFile>
	<employee>
		<id>101</id>
		<firstName>Joe</firstName>
		<lastName>Smith</lastName>
		<title>Developer</title>
		<salary>7500</salary>
		<hireDate>2009-10-13</hireDate>
	</employee>
	<!-- <employee>
		<id>102</id>
		<firstName>Jane</firstName>
		<lastName>Doe</lastName>
		<title>Architect</title>
		<salary>80000</salary>
		<hireDate>2008-01-15</hireDate>
	</employee>
	<employee>
		<id>103</id>
		<firstName>Jon</firstName>
		<lastName>Andersen</lastName>
		<title>Manager</title>
		<salary>85000</salary>
		<hireDate>2007-03-18</hireDate>
	</employee> -->
</employeeFile>