<beanio xmlns="http://www.beanio.org/2012/03" 
  xmlns:xsi="http://www.w3.org/2001/XMLSchema-instance"
  xsi:schemaLocation="http://www.beanio.org/2012/03 http://www.beanio.org/2012/03/mapping.xsd">

  <stream name="employeeFile" format="xml">
    <record name="employee" class="com.gm.Employee">
      <field name="id" />
      <field name="firstName" />
      <field name="lastName" />
      <field name="title" />
      <field name="salary" />
      <field name="hireDate"/>
    </record>
  </stream>
</beanio>